Mfg_Part_Num,line
49-94-0013,milw-cutoff
49-94-0030,milw-cutoff
49-94-4505,milw-cutoff
3MABR-7100075678,3m-stikit
3MABR-7100045865,3m-stikit
3MABR-7100048736,3m-stikit
3MABR-7100075690,3m-stikit
3MABR-7100075692,3m-stikit
3MABR-7100145365,3m-stikit
PDSH4816AF,frigidaire-dw
K-596-VS,kohler-kitchen
QO120CP,squared-breaker
WTS826065,watts-cv
DL6550-PC,delta-bath
PVC046927,charlotte-pvc-elb
C877135,leeson-motor
WLR-64157,weiler-wire
TRX53347,trex-deck
UP543852,uponor-pex-adapt
GFE13JYM50,ge-fridge
K-38046-CP,kohler-kitchen
PEL12968,peltor-muff
NOR-424884,norton-flap
MU-749252,mueller-cu-tee
PEL23906,peltor-muff
FCRE8787AS,frigidaire-range
GR328782,griprite-deck-screw
LOC410114,loctite-thread
WLR-66988,weiler-wire
VG956478,viega-press
LNX-138822,lenox-recip
6202-2RS,skf-bearing
AZVIN2673,azek-deck
SW152709,southwire-thhn
GH34040,greenheck-grille
RAC6967,raco-box
AN69-576,ansell-glove
D3123X,diablo-blade
PEL81809,peltor-muff
AV619547,anvil-nipple
STB2-84892,simpson-anchor
FCRE4922AS,frigidaire-range
BR301,eaton-breaker
MU-970663,mueller-cu-tee
WFW5422HW,whirlpool-washer
PEL11831,peltor-muff
LNX-439970,lenox-recip
QO8391,squared-breaker
T4243-W,leviton-recep
LED31A19926,led-a19
K-25318-BL,kohler-kitchen
LOC804937,loctite-thread
AV235742,anvil-nipple
FC566A3908,filter-pleated
70LF-1957,apollo-bv
LOC116579,loctite-thread
TT770074,timbertech-rail
AN40-233,ansell-glove
49-94-6729,milw-cutoff
TB4468,emt-connector
QO3842,squared-breaker
VIC-17078,victaulic-cplg
FCRE4335AS,frigidaire-range
49-94-4272,milw-cutoff-pk
49-94-8806,milw-cutoff-pk
9089CH,moen-kitchen
CF9948-92,chicago-comm
DL4999-SS,delta-bath
GR877645,griprite-deck-screw
TH1018U4862,honeywell-tstat
B-1718,ts-prerinse
T5889-W,leviton-recep
RE365S6,bradford-elec-wh
MSA565997,msa-glasses
24ABC6491,carrier-cond
WLR-54984,weiler-wire
3MABR-7100199308,3m-cubitron-fibre
AN48-997,ansell-glove
GFR20W,hubbell-gfci
AV225926,anvil-nipple
GFR20I,hubbell-gfci
GH55860,greenheck-grille
NG633148,nibco-gate
RO732627,rustoleum-spray
N662400,nibco-brs-cplg
D5359X,diablo-blade
XE15M21H72,rheem-elec-wh
AZHAR1905,azek-deck
TB9289,emt-connector
AV381533,anvil-nipple
BX5402,gates-belt
70LF-3150,apollo-bv
PVC045386,charlotte-pvc-elb
TT612655,timbertech-rail
C873912,leeson-motor
N561384,nibco-brs-cplg
RO482751,rustoleum-spray
STB2-23305,simpson-anchor
RAC5178,raco-box
FCRE6341AS,frigidaire-range
3MABR-7100080314,3m-stikit
49-94-9285,milw-cutoff
LOC784637,loctite-thread
B-6086,ts-prerinse
AZVIN9375,azek-deck
N653868,nibco-brs-cplg
PVC025375,charlotte-pvc-elb
49-94-5059,milw-cutoff
FCRE8226AS,frigidaire-range
49-94-2100,milw-cutoff
PVC017398,charlotte-pvc-elb
SW627962,southwire-thhn
WD50278,wd40-oil
UP921381,uponor-pex-adapt
LOC998046,loctite-thread
AZLAN9127,azek-deck
T9857-GY,leviton-recep
AZHAR4621,azek-deck
LNX-965677,lenox-recip
KDTM273PPS,kitchenaid-dw
SW436310,southwire-thhn
T6850-BK,leviton-recep
A9262,gates-belt
PVC011578,charlotte-pvc-elb
70LF-5087,apollo-bv
WFW1453HW,whirlpool-washer
MU-948429,mueller-cu-tee
DL3806-CZ,delta-bath
AV991860,anvil-nipple
DL3509-CZ,delta-bath
49-94-4415,milw-cutoff
PVC038675,charlotte-pvc-elb
GR100134,griprite-deck-screw
NOR-654658,norton-flap
3MABR-7100128453,3m-cubitron-fibre
TH4004U2483,honeywell-tstat
AZHAR3074,azek-deck
70LF-3609,apollo-bv
GR483887,griprite-deck-screw
LED34A19573,led-a19
DW33064,dewalt-bit
XE71M72H21,rheem-elec-wh
LED57A19588,led-a19
MU-512618,mueller-cu-tee
RO266002,rustoleum-spray
49-94-7927,milw-cutoff
STB2-55043,simpson-anchor
AZLAN6216,azek-deck
LOC489842,loctite-thread
GR121891,griprite-deck-screw
VM2176,baldor-motor
AN80-533,ansell-glove
DL5691-RB,delta-bath
PDSH5051AF,frigidaire-dw
DL5702-PC,delta-bath
T3089-I,leviton-recep
49-94-5502,milw-cutoff
49-94-3301,milw-cutoff
3MABR-7100062164,3m-stikit
D2397X,diablo-blade
SW802000,southwire-thhn
GR156353,griprite-deck-screw
GCR-53,aosmith-gas-wh
DL8889-PC,delta-bath
SW548222,southwire-thhn
PS306-W,leviton-switch
70LF-2344,apollo-bv
FC781A2600,filter-pleated
VG181236,viega-press
PDSH2171AF,frigidaire-dw
QO3462,squared-breaker
BR502,eaton-breaker
VM8871,baldor-motor
3883SRS,moen-kitchen
LOC906791,loctite-thread
AZVIN7659,azek-deck
3MABR-7100072838,3m-stikit
XE69M96H48,rheem-elec-wh
49-56-8872,milw-holesaw
BX2794,gates-belt
GR794687,griprite-deck-screw
STB2-24774,simpson-anchor
TRX20894,trex-deck
DL5920-SS,delta-bath
B-5788,ts-prerinse
STB2-51986,simpson-anchor
VM3296,baldor-motor
GR237375,griprite-deck-screw
6205-2RS,skf-bearing
LPJ-60SP,bussmann-fuse
GCR-23,aosmith-gas-wh
3MABR-7100129749,3m-cubitron-fibre
LNX-317228,lenox-recip
XE12M40H60,rheem-elec-wh
AN77-194,ansell-glove
XE58M49H54,rheem-elec-wh
AZVIN4571,azek-deck
AZHAR4175,azek-deck
NOR-526858,norton-flap
AV775841,anvil-nipple
WFW7055HW,whirlpool-washer
HIL428386,hilti-anchor
5376SRS,moen-kitchen
AZHAR2878,azek-deck
UP360240,uponor-pex-adapt
TH9604U9835,honeywell-tstat
XE58M13H46,rheem-elec-wh
GFE50JYM39,ge-fridge
C515088,leeson-motor
PDSH5614AF,frigidaire-dw
PTX48365,permatex-sealant
RE135S6,bradford-elec-wh
AZLAN9364,azek-deck
AZLAN2777,azek-deck
GR534818,griprite-deck-screw
TB5991,emt-connector
B3955,gates-belt
6206-2RS,skf-bearing
XE47M88H37,rheem-elec-wh
4TTR4B723,trane-cond
GR829647,griprite-deck-screw
GH78510,greenheck-grille
CF8710-50,chicago-comm
6201-2RS,skf-bearing
49-56-6937,milw-holesaw
KDTM578PPS,kitchenaid-dw
AZVIN2655,azek-deck
AV536164,anvil-nipple
STB2-27713,simpson-anchor
24ABC6590,carrier-cond
PS683-I,leviton-switch
XE60M12H47,rheem-elec-wh
WTS171046,watts-cv
PS600-W,leviton-switch
TRX83229,trex-deck
WFW7118HW,whirlpool-washer
N709525,nibco-brs-cplg
PDSH9645AF,frigidaire-dw
3MABR-7100156616,3m-cubitron-fibre
TRX95497,trex-deck
QO8421,squared-breaker
XE89M50H48,rheem-elec-wh
T9395-BK,leviton-recep
FCRE1335AS,frigidaire-range
C205603,leeson-motor
HIL610112,hilti-anchor
RE768S6,bradford-elec-wh
VIC-88471,victaulic-cplg
49-94-2298,milw-cutoff
VIC-59385,victaulic-cplg
RE586S6,bradford-elec-wh
4TTR3B656,trane-cond
D8225X,diablo-blade
24ABC6284,carrier-cond
NG878111,nibco-gate
D6758X,diablo-blade
RO683628,rustoleum-spray
N210739,nibco-brs-cplg
SW855763,southwire-thhn
24ABC6556,carrier-cond
RAC8603,raco-box
WTS968454,watts-cv
PS580-W,leviton-switch
D4507X,diablo-blade
GR382908,griprite-deck-screw
C299323,leeson-motor
PS985-I,leviton-switch
49-94-5385,milw-cutoff
STB2-11364,simpson-anchor
N947596,nibco-brs-cplg
N665930,nibco-brs-cplg
NG152914,nibco-gate
FC211A8073,filter-pleated
AZLAN8795,azek-deck
FCRE4055AS,frigidaire-range
C901802,leeson-motor
DL5616-CZ,delta-bath
K-68258-CP,kohler-kitchen
DW62636,dewalt-bit
TT412538,timbertech-rail
3MABR-7100097184,3m-stikit
DW73086,dewalt-bit
DW52083,dewalt-bit
N897841,nibco-brs-cplg
AZHAR7025,azek-deck
RAC6832,raco-box
SW858573,southwire-thhn
AZLAN2804,azek-deck
GFE25JYM69,ge-fridge
3MABR-7100063911,3m-stikit
LNX-842103,lenox-recip
N351569,nibco-brs-cplg
BR302,eaton-breaker
LOC731862,loctite-thread
VG285700,viega-press
RE100S6,bradford-elec-wh
GR445200,griprite-deck-screw
DL8991-CZ,delta-bath
VIC-68223,victaulic-cplg
LNX-862841,lenox-recip
24ABC6718,carrier-cond
TH9008U2747,honeywell-tstat
3MABR-7100121974,3m-cubitron-fibre
AV740515,anvil-nipple
49-94-5588,milw-cutoff
GFE29JYM39,ge-fridge
NG124344,nibco-gate
6204-2RS,skf-bearing
70LF-9364,apollo-bv
RAC9531,raco-box
24ABC6110,carrier-cond
LNX-538381,lenox-recip
TRX73794,trex-deck
TRX15187,trex-deck
AZHAR7674,azek-deck
3MABR-7100124824,3m-cubitron-fibre
AZLAN3341,azek-deck
3MABR-7100075448,3m-stikit
LOC632569,loctite-thread
PVC034725,charlotte-pvc-elb
GFE84JYM63,ge-fridge
STB2-82006,simpson-anchor
A7515,gates-belt
49-56-5270,milw-holesaw
PDSH3928AF,frigidaire-dw
AZVIN9576,azek-deck
NG254263,nibco-gate
3MABR-7100047799,3m-stikit
LED51A19432,led-a19
DL5375-RB,delta-bath
AV397142,anvil-nipple
PVC078599,charlotte-pvc-elb
4TTR9B925,trane-cond
3MABR-7100141381,3m-cubitron-fibre
K-36818-BL,kohler-kitchen
LED35A19930,led-a19
D6083X,diablo-blade
3MABR-7100119580,3m-cubitron-fibre
NOR-669119,norton-flap
3956CH,moen-kitchen
RO716976,rustoleum-spray
RE643S6,bradford-elec-wh
HIL743008,hilti-anchor
FC281A4244,filter-pleated
PTX72383,permatex-sealant
BX7820,gates-belt
49-94-8527,milw-cutoff-pk
TH2776U1125,honeywell-tstat
N921132,nibco-brs-cplg
GR937963,griprite-deck-screw
24ABC6701,carrier-cond
N129566,nibco-brs-cplg
WTS438010,watts-cv
BR151,eaton-breaker
D3437X,diablo-blade
PS674-BR,leviton-switch
UP802636,uponor-pex-adapt
C542064,leeson-motor
AN91-876,ansell-glove
LOC506834,loctite-thread
C487180,leeson-motor
AX7406,gates-belt
FC890A2992,filter-pleated
SW433469,southwire-thhn
AN73-829,ansell-glove
UP670219,uponor-pex-adapt
LED15A19984,led-a19
WFW6828HW,whirlpool-washer
LOC202992,loctite-thread
WD57581,wd40-oil
STB2-41180,simpson-anchor
RO492041,rustoleum-spray
FC181A9376,filter-pleated
DL1096-SS,delta-bath
RO697789,rustoleum-spray
NG524265,nibco-gate
KDTM950PPS,kitchenaid-dw
PS908-BR,leviton-switch
AX8400,gates-belt
FCRE4173AS,frigidaire-range
DW64990,dewalt-bit
BR201,eaton-breaker
49-94-9577,milw-cutoff
B4990,gates-belt
GCR-68,aosmith-gas-wh
TB3843,emt-connector
WD42543,wd40-oil
PS185-BR,leviton-switch
B-5028,ts-prerinse
TT560099,timbertech-rail
4019MB,moen-kitchen
STB2-10767,simpson-anchor
PVC099152,charlotte-pvc-elb
GR794580,griprite-deck-screw
RO136139,rustoleum-spray
49-56-4260,milw-holesaw
49-94-7748,milw-cutoff-pk
TRX17297,trex-deck
LOC651561,loctite-thread
49-56-6222,milw-holesaw
49-94-4374,milw-cutoff-pk
GFR20BK,hubbell-gfci
GH12301,greenheck-grille
GCR-84,aosmith-gas-wh
SW411491,southwire-thhn
PS457-BR,leviton-switch
24ABC6936,carrier-cond
C335669,leeson-motor
AX5734,gates-belt
AZHAR2505,azek-deck
STB2-59359,simpson-anchor
VM8945,baldor-motor
CF2386-65,chicago-comm
NOR-350385,norton-flap
DL2177-RB,delta-bath
QO4942,squared-breaker
70LF-6190,apollo-bv
3MABR-7100140577,3m-cubitron-fibre
LNX-497978,lenox-recip
PTX12475,permatex-sealant
TRX51624,trex-deck
LOC621604,loctite-thread
WFW5162HW,whirlpool-washer
WD19068,wd40-oil
3MABR-7100119780,3m-cubitron-fibre
VM1219,baldor-motor
GR609352,griprite-deck-screw
TB4134,emt-connector
70LF-9208,apollo-bv
TRX76052,trex-deck
GR750420,griprite-deck-screw
CF9403-35,chicago-comm
SW546722,southwire-thhn
5205MB,moen-kitchen
WD44011,wd40-oil
AZVIN8190,azek-deck
UP579500,uponor-pex-adapt
BR152,eaton-breaker
TH4252U6254,honeywell-tstat
TRX64638,trex-deck
49-94-7672,milw-cutoff-pk
LNX-536312,lenox-recip
KDTM439PPS,kitchenaid-dw
SW570710,southwire-thhn
XE76M69H84,rheem-elec-wh
LED36A19391,led-a19
PVC099036,charlotte-pvc-elb
AX5740,gates-belt
PVC067074,charlotte-pvc-elb
LED93A19760,led-a19
AN27-599,ansell-glove
DW55435,dewalt-bit
FC773A9910,filter-pleated
AV458913,anvil-nipple
VIC-25542,victaulic-cplg
VM2114,baldor-motor
49-94-4249,milw-cutoff
VG461129,viega-press
GFE73JYM21,ge-fridge
49-94-6945,milw-cutoff
3MABR-7100095389,3m-stikit
TH2707U9680,honeywell-tstat
3MABR-7100180312,3m-cubitron-fibre
T1486-W,leviton-recep
SW457446,southwire-thhn
GR147504,griprite-deck-screw
KDTM425PPS,kitchenaid-dw
DL5305-CZ,delta-bath
AN33-534,ansell-glove
D1196X,diablo-blade
TT243101,timbertech-rail
STB2-56327,simpson-anchor
UP338201,uponor-pex-adapt
N202380,nibco-brs-cplg
VM9539,baldor-motor
AZVIN2971,azek-deck
RO317221,rustoleum-spray
FC507A2521,filter-pleated
KDTM577PPS,kitchenaid-dw
RO327872,rustoleum-spray
TT999502,timbertech-rail
TB2219,emt-connector
PVC075418,charlotte-pvc-elb
GFE69JYM87,ge-fridge
70LF-7043,apollo-bv
K-70036-CP,kohler-kitchen
NOR-662036,norton-flap
3MABR-7100191112,3m-cubitron-fibre
VM3009,baldor-motor
VIC-83004,victaulic-cplg
LED48A19595,led-a19
AV260496,anvil-nipple
FC165A1839,filter-pleated
NOR-495635,norton-flap
GH35218,greenheck-grille
SW406758,southwire-thhn
LED95A19643,led-a19
4623MB,moen-kitchen
PTX56417,permatex-sealant
N607779,nibco-brs-cplg
QO8291,squared-breaker
PEL44834,peltor-muff
24ABC6803,carrier-cond
SW612426,southwire-thhn
PEL80024,peltor-muff
AZVIN8497,azek-deck
GFE80JYM77,ge-fridge
NOR-503350,norton-flap
STB2-29650,simpson-anchor
PS861-BR,leviton-switch
STB2-90112,simpson-anchor
AZHAR7716,azek-deck
GCR-96,aosmith-gas-wh
GFE54JYM78,ge-fridge
LED66A19754,led-a19
LOC672204,loctite-thread
QO1071,squared-breaker
PDSH4868AF,frigidaire-dw
9603BN,moen-kitchen
TRX32366,trex-deck
RO476508,rustoleum-spray
KDTM493PPS,kitchenaid-dw
AN20-439,ansell-glove
PVC073667,charlotte-pvc-elb
GCR-11,aosmith-gas-wh
PVC028787,charlotte-pvc-elb
PVC030005,charlotte-pvc-elb
GR303019,griprite-deck-screw
PEL78597,peltor-muff
4222BN,moen-kitchen
AV936783,anvil-nipple
AZVIN8080,azek-deck
GFE49JYM92,ge-fridge
AZHAR2830,azek-deck
3MABR-7100037164,3m-stikit
B-1796,ts-prerinse
RAC1244,raco-box
TH1925U3317,honeywell-tstat
FCRE2655AS,frigidaire-range
49-56-6690,milw-holesaw
LED24A19762,led-a19
FC762A7450,filter-pleated
AZLAN3995,azek-deck
LED53A19620,led-a19
GR105835,griprite-deck-screw
TRX15244,trex-deck
TRX99596,trex-deck
D5615X,diablo-blade
6207-2RS,skf-bearing
MU-761972,mueller-cu-tee
PS526-W,leviton-switch
RO948423,rustoleum-spray
GH90367,greenheck-grille
D1746X,diablo-blade
MSA365482,msa-glasses
PVC094262,charlotte-pvc-elb
LED64A19704,led-a19
4782BN,moen-kitchen
PS989-W,leviton-switch
WTS546712,watts-cv
WTS940846,watts-cv
N476306,nibco-brs-cplg
SW285921,southwire-thhn
WD12934,wd40-oil
UP768082,uponor-pex-adapt
QO9571,squared-breaker
AV215418,anvil-nipple
AV525467,anvil-nipple
FCRE3076AS,frigidaire-range
GFR15I,hubbell-gfci
GFR15BK,hubbell-gfci
C608900,leeson-motor
FCRE9042AS,frigidaire-range
STB2-17148,simpson-anchor
GR545018,griprite-deck-screw
PVC024939,charlotte-pvc-elb
DW30416,dewalt-bit
MSA472912,msa-glasses
TB9138,emt-connector
AZLAN3053,azek-deck
GR660290,griprite-deck-screw
WTS930489,watts-cv
WLR-35255,weiler-wire
K-71423-CP,kohler-kitchen
BX5337,gates-belt
70LF-1069,apollo-bv
T8520-GY,leviton-recep
NOR-700569,norton-flap
HIL576801,hilti-anchor
LED60A19939,led-a19
FCRE9076AS,frigidaire-range
STB2-12620,simpson-anchor
WLR-69455,weiler-wire
WTS925950,watts-cv
D8796X,diablo-blade
4TTR9B594,trane-cond
DL9092-PC,delta-bath
WD74210,wd40-oil
4TTR8B530,trane-cond
GCR-41,aosmith-gas-wh
T7552-I,leviton-recep
K-60158-BL,kohler-kitchen
NG701642,nibco-gate
AV221112,anvil-nipple
LOC631877,loctite-thread
STB2-42199,simpson-anchor
9234MB,moen-kitchen
LED26A19677,led-a19
VM1220,baldor-motor
VM3369,baldor-motor
T9534-BK,leviton-recep
DL7134-SS,delta-bath
AN39-654,ansell-glove
K-69034-VS,kohler-kitchen
MU-474185,mueller-cu-tee
PVC076010,charlotte-pvc-elb
VIC-65621,victaulic-cplg
K-90277-VS,kohler-kitchen
GCR-62,aosmith-gas-wh
TRX79962,trex-deck
STB2-43214,simpson-anchor
FC370A8979,filter-pleated
AZLAN7629,azek-deck
DW89820,dewalt-bit
VM1833,baldor-motor
HIL341798,hilti-anchor
LOC486609,loctite-thread
DL8847-PC,delta-bath
C668559,leeson-motor
KDTM712PPS,kitchenaid-dw
49-94-3591,milw-cutoff
STB2-77108,simpson-anchor
D1401X,diablo-blade
AV515759,anvil-nipple
SW772421,southwire-thhn
VIC-62345,victaulic-cplg
XE22M76H30,rheem-elec-wh
STB2-42353,simpson-anchor
K-77746-CP,kohler-kitchen
LED70A19534,led-a19
LNX-285041,lenox-recip
AZLAN3863,azek-deck
TT618677,timbertech-rail
FC746A8820,filter-pleated
N361956,nibco-brs-cplg
49-56-3508,milw-holesaw
LPJ-15SP,bussmann-fuse
MU-274466,mueller-cu-tee
GCR-92,aosmith-gas-wh
PVC022437,charlotte-pvc-elb
GR114407,griprite-deck-screw
AZVIN3103,azek-deck
QO8782,squared-breaker
AN41-415,ansell-glove
GH15512,greenheck-grille
NOR-593628,norton-flap
AZVIN3506,azek-deck
LED27A19438,led-a19
VG440515,viega-press
70LF-4397,apollo-bv
LPJ-100SP,bussmann-fuse
B6400,gates-belt
AZLAN8748,azek-deck
PEL15597,peltor-muff
TT158615,timbertech-rail
DL9574-CZ,delta-bath
6203-2RS,skf-bearing
AZVIN9707,azek-deck
RE609S6,bradford-elec-wh
RE706S6,bradford-elec-wh
49-56-6181,milw-holesaw
A3375,gates-belt
C896873,leeson-motor
AX3238,gates-belt
QO4801,squared-breaker
4TTR2B160,trane-cond
FCRE8307AS,frigidaire-range
LED36A19361,led-a19
GFE74JYM11,ge-fridge
A2983,gates-belt
49-94-6150,milw-cutoff
LOC998219,loctite-thread
WLR-10276,weiler-wire
TT956725,timbertech-rail
HIL692039,hilti-anchor
PVC077749,charlotte-pvc-elb
DW80782,dewalt-bit
B-9897,ts-prerinse
PEL35790,peltor-muff
MU-813249,mueller-cu-tee
LNX-187552,lenox-recip
TT709489,timbertech-rail
LPJ-20SP,bussmann-fuse
AZHAR9880,azek-deck
D6692X,diablo-blade
VG135303,viega-press
GR497639,griprite-deck-screw
K-44657-VS,kohler-kitchen
MU-596922,mueller-cu-tee
K-34069-BL,kohler-kitchen
GR100349,griprite-deck-screw
LOC129208,loctite-thread
LNX-366443,lenox-recip
LED91A19893,led-a19
WLR-51704,weiler-wire
WFW6546HW,whirlpool-washer
LED49A19123,led-a19
VM4488,baldor-motor
GR742948,griprite-deck-screw
FC850A6258,filter-pleated
FC367A7908,filter-pleated
SW312376,southwire-thhn
LOC828920,loctite-thread
LNX-676734,lenox-recip
6208-2RS,skf-bearing
PTX84617,permatex-sealant
RE353S6,bradford-elec-wh
1183CH,moen-kitchen
PVC032767,charlotte-pvc-elb
N115978,nibco-brs-cplg
MSA710440,msa-glasses
LNX-514752,lenox-recip
B9453,gates-belt
FCRE4973AS,frigidaire-range
FC760A4440,filter-pleated
WD44103,wd40-oil
AZVIN7178,azek-deck
LPJ-30SP,bussmann-fuse
3594MB,moen-kitchen
VG282851,viega-press
LNX-518232,lenox-recip
3MABR-7100173490,3m-cubitron-fibre
RAC3022,raco-box
PEL43834,peltor-muff
AV466008,anvil-nipple
4465SRS,moen-kitchen
TRX72010,trex-deck
N857768,nibco-brs-cplg
T5079-GY,leviton-recep
DL3574-SS,delta-bath
HIL449878,hilti-anchor
NG578321,nibco-gate
SW372953,southwire-thhn
3MABR-7100175182,3m-cubitron-fibre
RE594S6,bradford-elec-wh
LED12A19245,led-a19
24ABC6410,carrier-cond
TT739789,timbertech-rail
GFE17JYM86,ge-fridge
3MABR-7100082764,3m-stikit
TRX21452,trex-deck
GFR15W,hubbell-gfci
WTS459197,watts-cv
STB2-83686,simpson-anchor
PTX48951,permatex-sealant
WD51080,wd40-oil
AV740932,anvil-nipple
UP350400,uponor-pex-adapt
UP503513,uponor-pex-adapt
PVC098981,charlotte-pvc-elb
QO9452,squared-breaker
49-94-8486,milw-cutoff-pk
AV387837,anvil-nipple
LNX-863523,lenox-recip
49-56-5511,milw-holesaw
AN44-252,ansell-glove
STB2-64731,simpson-anchor
VIC-46953,victaulic-cplg
AZLAN7816,azek-deck
UP821713,uponor-pex-adapt
RO708310,rustoleum-spray
4646BN,moen-kitchen
TT265308,timbertech-rail
STB2-69972,simpson-anchor
PEL17336,peltor-muff
TB9896,emt-connector
24ABC6784,carrier-cond
PDSH7262AF,frigidaire-dw
AV262679,anvil-nipple
GCR-49,aosmith-gas-wh
GCR-46,aosmith-gas-wh
PTX39284,permatex-sealant
GFE90JYM19,ge-fridge
TRX37519,trex-deck
AV181651,anvil-nipple
AN70-480,ansell-glove
D4084X,diablo-blade
PTX65910,permatex-sealant
LNX-244730,lenox-recip
PVC032859,charlotte-pvc-elb
3MABR-7100198218,3m-cubitron-fibre
FC108A6222,filter-pleated
HIL515604,hilti-anchor
5260SRS,moen-kitchen
N312905,nibco-brs-cplg
AZVIN5296,azek-deck
NG184878,nibco-gate
N425173,nibco-brs-cplg
B9941,gates-belt
K-59064-VS,kohler-kitchen
FC624A2575,filter-pleated
RO732738,rustoleum-spray
24ABC6351,carrier-cond
SW752441,southwire-thhn
MU-766393,mueller-cu-tee
DL6835-PC,delta-bath
D5205X,diablo-blade
24ABC6797,carrier-cond
UP295044,uponor-pex-adapt
DL6958-PC,delta-bath
3MABR-7100164555,3m-cubitron-fibre
4TTR2B182,trane-cond
TT988822,timbertech-rail
GCR-50,aosmith-gas-wh
SW472574,southwire-thhn
VG677623,viega-press
TRX54130,trex-deck
KDTM252PPS,kitchenaid-dw
NOR-256892,norton-flap
49-56-3161,milw-holesaw
AZHAR9870,azek-deck
BR202,eaton-breaker
AZHAR2104,azek-deck
3MABR-7100075662,3m-stikit
24ABC6884,carrier-cond
NG520945,nibco-gate
MSA704455,msa-glasses
QO9511,squared-breaker
PS420-BR,leviton-switch
XE40M75H16,rheem-elec-wh
AN65-225,ansell-glove
VIC-93922,victaulic-cplg
VG161823,viega-press
AZHAR1343,azek-deck
GR559354,griprite-deck-screw
RO928617,rustoleum-spray
RO703900,rustoleum-spray
GH59275,greenheck-grille
DW41729,dewalt-bit
TRX67560,trex-deck
RO676159,rustoleum-spray
WD99548,wd40-oil
D5528X,diablo-blade
AN26-995,ansell-glove
CF9284-56,chicago-comm
TH9377U8151,honeywell-tstat
MU-759705,mueller-cu-tee
WLR-42064,weiler-wire
B2416,gates-belt
CF2918-32,chicago-comm
LNX-337702,lenox-recip
FC893A4772,filter-pleated
WTS113460,watts-cv
PVC016206,charlotte-pvc-elb
XE31M75H29,rheem-elec-wh
49-56-4732,milw-holesaw
VG911923,viega-press
B-5879,ts-prerinse
24ABC6907,carrier-cond
GCR-38,aosmith-gas-wh
LNX-696493,lenox-recip
UP542582,uponor-pex-adapt
AZVIN7829,azek-deck
AV415856,anvil-nipple
7431CH,moen-kitchen
RO335760,rustoleum-spray
FC561A2965,filter-pleated
KDTM225PPS,kitchenaid-dw
PVC075668,charlotte-pvc-elb
BR501,eaton-breaker
WFW1433HW,whirlpool-washer
VM1488,baldor-motor
49-56-4320,milw-holesaw
VG864467,viega-press
STB2-14370,simpson-anchor
AZLAN8808,azek-deck
PS398-BR,leviton-switch
AN92-770,ansell-glove
LOC390338,loctite-thread
NG588305,nibco-gate
LOC777924,loctite-thread
RAC5537,raco-box
LED98A19402,led-a19
LNX-923349,lenox-recip
D8894X,diablo-blade
49-94-6707,milw-cutoff
NOR-723692,norton-flap
4TTR8B225,trane-cond
AN70-183,ansell-glove
UP995453,uponor-pex-adapt
DL1481-RB,delta-bath
GR719465,griprite-deck-screw
QO5382,squared-breaker
QO8651,squared-breaker
WLR-92035,weiler-wire
N245955,nibco-brs-cplg
PVC064903,charlotte-pvc-elb
TRX30141,trex-deck
K-83392-VS,kohler-kitchen
CF2746-10,chicago-comm
SW294404,southwire-thhn
TB7768,emt-connector
AV795994,anvil-nipple
D7033X,diablo-blade
FCRE2955AS,frigidaire-range
GR680174,griprite-deck-screw
PDSH1124AF,frigidaire-dw
4TTR1B208,trane-cond
NOR-555326,norton-flap
QO9262,squared-breaker
DW84641,dewalt-bit
T5370-W,leviton-recep
VIC-79548,victaulic-cplg
LOC640047,loctite-thread
AZHAR6102,azek-deck
HIL943538,hilti-anchor
4TTR7B384,trane-cond
D6094X,diablo-blade
QO9261,squared-breaker
PEL40047,peltor-muff
DL5218-SS,delta-bath
N148094,nibco-brs-cplg
PVC071239,charlotte-pvc-elb
WLR-35313,weiler-wire
GFE97JYM39,ge-fridge
WLR-50502,weiler-wire
4TTR8B716,trane-cond
FCRE2748AS,frigidaire-range
TRX70756,trex-deck
TT631729,timbertech-rail
STB2-94524,simpson-anchor
MSA259749,msa-glasses
LED27A19226,led-a19
AV311223,anvil-nipple
DW35293,dewalt-bit
NG220703,nibco-gate
WFW4007HW,whirlpool-washer
49-94-1658,milw-cutoff
GR109861,griprite-deck-screw
DL6157-SS,delta-bath
TT893345,timbertech-rail
DL6622-RB,delta-bath
D3533X,diablo-blade
BX7091,gates-belt
AX5485,gates-belt
TRX33315,trex-deck
49-94-7074,milw-cutoff
PEL20405,peltor-muff
GR241735,griprite-deck-screw
SW438057,southwire-thhn
GH14251,greenheck-grille
LOC632056,loctite-thread
AV191401,anvil-nipple
AZLAN5278,azek-deck
NG432768,nibco-gate
STB2-13032,simpson-anchor
PS670-I,leviton-switch
RE895S6,bradford-elec-wh
MSA934162,msa-glasses
AV154457,anvil-nipple
MSA288389,msa-glasses
AZLAN3867,azek-deck
C260368,leeson-motor
HIL276766,hilti-anchor
49-94-3370,milw-cutoff
3MABR-7100122920,3m-cubitron-fibre
FC546A9579,filter-pleated
TH6217U3030,honeywell-tstat
TRX32435,trex-deck
TRX32877,trex-deck
RO891846,rustoleum-spray
LNX-273863,lenox-recip
AV743481,anvil-nipple
TRX86970,trex-deck
PVC019518,charlotte-pvc-elb
TT389191,timbertech-rail
PS974-I,leviton-switch
TRX39113,trex-deck
TH4058U6441,honeywell-tstat
AN87-702,ansell-glove
KDTM241PPS,kitchenaid-dw
49-94-2348,milw-cutoff-pk
GR871706,griprite-deck-screw
FCRE2712AS,frigidaire-range
PVC077919,charlotte-pvc-elb
GR168277,griprite-deck-screw
70LF-2180,apollo-bv
LOC143565,loctite-thread
24ABC6412,carrier-cond
GR851117,griprite-deck-screw
49-56-9978,milw-holesaw
TRX49151,trex-deck
49-94-9460,milw-cutoff
AZHAR9143,azek-deck
A2602,gates-belt
24ABC6357,carrier-cond
VM7067,baldor-motor
TRX30571,trex-deck
CF7348-34,chicago-comm
6209-2RS,skf-bearing
